{"cameraMode":{"drawMode":0,"name":"Shaded","section":"Shading Mode"},"sceneLighting":true,"audioPlay":false,"sceneViewState":{"m_AlwaysRefresh":false,"showFog":true,"showSkybox":true,"showFlares":true,"showImageEffects":true,"showParticleSystems":true,"showVisualEffectGraphs":true,"m_FxEnabled":true},"in2DMode":false,"pivot":{"x":-0.06324934959411621,"y":7.541547775268555,"z":-0.24868983030319215},"rotation":{"x":-0.3162956237792969,"y":-0.14523307979106904,"z":0.04906775802373886,"w":-0.9362050890922546},"size":64.88247680664063,"orthographic":false}